search_engine,search_string,title,media,timestamp,link
Google,Tata Lawsuits,IT services' focus on building IP and platforms may trigger more lawsuits,Business Standard,10 Oct 2024,https://www.business-standard.com/technology/tech-news/it-services-focus-on-building-ip-and-platforms-may-trigger-more-lawsuits-124100901370_1.html
Google,Tata Lawsuits,"From Singur, Mistry, Tata Tapes to Wadia: 5 controversies during Ratan Tata’s tenure",The Indian Express,11 Oct 2024,https://indianexpress.com/article/business/ratan-tata-singur-mistry-tata-tapes-wadia-controversies-9613283/
Google,Tata Lawsuits,IndiGo Files Trademark Infringement Claim Against Mahindra For ‘6e’ Branding; Automaker Responds,CarDekho,3 Dec 2024,https://www.cardekho.com/india-car-news/mahindra-responds-to-indigos-lawsuit-for-using-the-6e-term-in-be-6e-branding-33603.htm
Google,Tata Lawsuits,"More than 20 fired American workers have sued TCS, why and IT giant's response",Times of India,31 Mar 2024,https://timesofindia.indiatimes.com/technology/tech-news/more-than-20-fired-americans-workers-of-tcs-have-sued-the-company-what-are-the-allegations-and-it-giants-response/articleshow/108906267.cms
Google,Tata Lawsuits,"Tata Fired White US Workers in Favor of Visa Holders, Suit Says",Bloomberg Law News,9 Apr 2024,https://news.bloomberglaw.com/daily-labor-report/tata-fired-white-us-workers-in-favor-of-visa-holders-suit-says
Google,Tata Lawsuits,Exclusive | Fired Americans Say Indian Firm Gave Their Jobs to H-1B Visa Holders,WSJ,29 Mar 2024,https://www.wsj.com/business/fired-americans-say-indian-firm-gave-their-jobs-to-h-1b-visa-holders-6da7cf26
Google,Tata Lawsuits,"TCS fined Rs 1,600 crore by US court for misappropriation of trade secrets",The Economic Times,15 Jun 2024,https://m.economictimes.com/tech/information-tech/tcs-fined-rs-1600-crore-by-us-court-in-dxc-case/articleshow/111013835.cms
Google,Tata Lawsuits,TCS Asked To Pay $210 Million Fine To DXC Technology In Trade Secrets Row,Outlook Business,27 Nov 2023,https://www.outlookbusiness.com/news/tcs-asked-to-pay-210-million-fine-to-dxc-technology-in-trade-secrets-row
Google,Tata Lawsuits,"IBM, GlobalFoundries settle lawsuits over contract, trade secrets",The Star,1 month ago,https://www.thestar.com.my/tech/tech-news/2025/01/02/ibm-globalfoundries-settle-lawsuits-over-contract-trade-secrets
Google,Tata Lawsuits,"Third court case launched against Tata Steel, calls for closure",DutchNews.nl,27 May 2024,https://www.dutchnews.nl/2024/05/third-court-case-launched-against-tata-steel-calls-for-closure/
Bing,Tata Lawsuits,One of India’s most valuable companies has been hit with a second lawsuit for improper use’ of a software provider’s source code,Businessinsider,5y,https://www.businessinsider.in/tata-consultancy-services-gets-hit-with-second-lawsuit-for-stealing-software-code/articleshow/69111034.cms
Bing,Tata Lawsuits,Tata's Capital Foods sues Dabur over ‘Schezwan Chutney’ trademark: Report,Hindustantimes,18d,https://www.hindustantimes.com/business/tatas-capital-foods-sues-dabur-over-schezwan-chutney-trademark-report-101736930903962.html
Bing,Tata Lawsuits,"Tata Consultancy Services found not guilty of using discriminatory hiring practices against Americans, rules US jury",Businessinsider,6y,https://www.businessinsider.in/tata-consultancy-services-found-not-guilty-of-using-discriminatory-hiring-practices-against-americans-rules-us-jury/articleshow/66863609.cms
Bing,Tata Lawsuits,Here’s why Nykaa is suing Tata Cliq CEO Gopal Asthana,Msn,5mon,https://www.msn.com/en-in/news/other/here-s-why-nykaa-is-suing-tata-cliq-ceo-gopal-asthana/ar-AA1q29B2?ocid=BingNewsVerp
Bing,Tata Lawsuits,Tata buys majority stake in iPhone-maker Pegatron's India unit,Newsbytesapp,10d,https://www.newsbytesapp.com/news/business/tata-acquires-60-stake-in-pegatron-india-apple-s-assembly-partner/story
Yahoo,Tata Lawsuits,India's TCS to take $125 million hit to Q3 earnings over US lawsuit,Reuters·  via Yahoo Finance,1 year ago,https://r.search.yahoo.com/_ylt=AwrjIcT196Bn_s0n9wrQtDMD;_ylu=Y29sbwNncTEEcG9zAzEEdnRpZANRMTIwMjUtU0RfMQRzZWMDc3I-/RV=2/RE=1738631285/RO=10/RU=https%3a%2f%2ffinance.yahoo.com%2fnews%2findias-tcs-125-million-hit-115115682.html%3ffr%3dsycsrp_catchall/RK=2/RS=VW2VQL_SHawRs9KjZ_MdxLQw9g4-
Yahoo,Tata Lawsuits,Mama & Tata Influencer Candice Miller Saddled with Husband’s $33.6 Million Debt After His Death by Suicide: Report,People·  via Yahoo News,1 month ago,https://r.search.yahoo.com/_ylt=AwrjIcT196Bn_s0n.QrQtDMD;_ylu=Y29sbwNncTEEcG9zAzIEdnRpZANRMTIwMjUtU0RfMQRzZWMDc3I-/RV=2/RE=1738631285/RO=10/RU=https%3a%2f%2fwww.yahoo.com%2fnews%2fmama-tata-influencer-candice-miller-224820000.html%3ffr%3dsycsrp_catchall/RK=2/RS=TeqcANujweGAKTP3Urwy_0L4Z8A-
Yahoo,Tata Lawsuits,"Real estate mogul, husband of Mama + Tata influencer dead at 43",NY Post·  via Yahoo News,7 months ago,https://r.search.yahoo.com/_ylt=AwrjIcT196Bn_s0n.wrQtDMD;_ylu=Y29sbwNncTEEcG9zAzMEdnRpZANRMTIwMjUtU0RfMQRzZWMDc3I-/RV=2/RE=1738631285/RO=10/RU=https%3a%2f%2fwww.yahoo.com%2fnews%2freal-estate-mogul-husband-mama-191725327.html%3ffr%3dsycsrp_catchall/RK=2/RS=qQzYy68W5EpcwzN6.zQ5qTCc4Wo-
Yahoo,Tata Lawsuits,Mama & Tata Influencer Candice Miller Selling $15 Million Hamptons Home 1 Month After Husband Brandon's Death,People·  via AOL,6 months ago,https://r.search.yahoo.com/_ylt=AwrjIcT196Bn_s0n_QrQtDMD;_ylu=Y29sbwNncTEEcG9zAzQEdnRpZANRMTIwMjUtU0RfMQRzZWMDc3I-/RV=2/RE=1738631285/RO=10/RU=https%3a%2f%2fwww.aol.com%2fmama-tata-influencer-candice-miller-170622813.html/RK=2/RS=_QTIEeDd_MivMG.xjMa0iGfg_yo-
Yahoo,Tata Lawsuits,Hundreds of Items Auctioned Off from Former Home of Mama & Tata Influencer Candice Miler After Late Husband’s Death,People·  via Yahoo News,1 month ago,https://r.search.yahoo.com/_ylt=AwrjIcT196Bn_s0n_wrQtDMD;_ylu=Y29sbwNncTEEcG9zAzUEdnRpZANRMTIwMjUtU0RfMQRzZWMDc3I-/RV=2/RE=1738631285/RO=10/RU=https%3a%2f%2fwww.yahoo.com%2fnews%2fmama-tata-influencer-candice-miller-162003406.html%3ffr%3dsycsrp_catchall/RK=2/RS=AMtVi_zDqnIecnCNZjN0kNyzwlU-
Yahoo,Tata Lawsuits,TCS Revamps Organization Structure to Leverage Domain Knowledge,Bloomberg·  via Yahoo Finance,2 years ago,https://r.search.yahoo.com/_ylt=AwrjIcT196Bn_s0nAQvQtDMD;_ylu=Y29sbwNncTEEcG9zAzYEdnRpZANRMTIwMjUtU0RfMQRzZWMDc3I-/RV=2/RE=1738631285/RO=10/RU=https%3a%2f%2ffinance.yahoo.com%2fnews%2ftcs-revamps-organization-structure-leverage-082432871.html%3ffr%3dsycsrp_catchall/RK=2/RS=5Ca_Jmy58NGCJ._d0qYJq1.ID7c-
Yahoo,Tata Lawsuits,Everything Apple says is wrong about the DOJ’s iPhone lawsuit,Digital Trends·  via Yahoo News,10 months ago,https://r.search.yahoo.com/_ylt=AwrjIcT196Bn_s0nAwvQtDMD;_ylu=Y29sbwNncTEEcG9zAzcEdnRpZANRMTIwMjUtU0RfMQRzZWMDc3I-/RV=2/RE=1738631285/RO=10/RU=https%3a%2f%2fwww.yahoo.com%2ftech%2feverything-apple-says-wrong-doj-180017657.html/RK=2/RS=leaJKWMWJycQQ3mPLWminKnabYc-
Yahoo,Tata Lawsuits,Influencer Candice Miller selling personal items after late husband amassed $33.6m debt,The Independent·  via Yahoo News,1 month ago,https://r.search.yahoo.com/_ylt=AwrjIcT196Bn_s0nBQvQtDMD;_ylu=Y29sbwNncTEEcG9zAzgEdnRpZANRMTIwMjUtU0RfMQRzZWMDc3I-/RV=2/RE=1738631285/RO=10/RU=https%3a%2f%2fwww.yahoo.com%2fnews%2finfluencer-candice-miller-selling-personal-181930540.html%3ffr%3dsycsrp_catchall/RK=2/RS=072W.YLyNdOCYbzLOL4eeAIy7aU-
Yahoo,Tata Lawsuits,"Chief executives of Air India, Akasa joust over poaching of pilots",Reuters·  via Yahoo Finance,1 year ago,https://r.search.yahoo.com/_ylt=AwrjIcT196Bn_s0nBwvQtDMD;_ylu=Y29sbwNncTEEcG9zAzkEdnRpZANRMTIwMjUtU0RfMQRzZWMDc3I-/RV=2/RE=1738631285/RO=10/RU=https%3a%2f%2ffinance.yahoo.com%2fnews%2fchief-executives-air-india-akasa-075037899.html%3ffr%3dsycsrp_catchall/RK=2/RS=3hiJN9aU7Dfo_BdYqxiQgVzF2wI-
Yahoo,Tata Lawsuits,"Candice Miller Sued $195,000 for Unpaid Rent After Husband’s Death",E! News·  via Yahoo News,5 months ago,https://r.search.yahoo.com/_ylt=AwrjIcT196Bn_s0nCQvQtDMD;_ylu=Y29sbwNncTEEcG9zAzEwBHZ0aWQDUTEyMDI1LVNEXzEEc2VjA3Ny/RV=2/RE=1738631285/RO=10/RU=https%3a%2f%2fwww.yahoo.com%2fnews%2fcandice-miller-sued-195-000-190400708.html%3ffr%3dsycsrp_catchall/RK=2/RS=85YAFnX4exEnbAL1M_Vdie16TeQ-
Google,Tata Merger,"Tata Tech, just merge with Tata Elxsi",The Ken,3 days ago,https://the-ken.com/story/tata-tech-just-merge-with-tata-elxsi/
Google,Tata Merger,"Tata Capital, Tata Motors Finance merger receives RBI's approval",Business Standard,14 Oct 2024,https://www.business-standard.com/companies/news/tata-capital-tata-motors-finance-merger-receives-rbi-s-approval-124101401020_1.html
Google,Tata Merger,"Vedanta, UltraTech, Tata Motors among 8 mergers and demergers to track",The Economic Times,5 days ago,https://m.economictimes.com/markets/stocks/news/vedanta-ultratech-tata-motors-among-8-mergers-and-demergers-to-track/corporate-radar/slideshow/117677020.cms
Google,Tata Merger,Tata Sons & Singapore Airlines celebrate Vistara’s merger with Air India,CNBC TV18,18 Nov 2024,https://www.cnbctv18.com/business/aviation/tata-sons-singapore-airlines-celebrate-vistaras-merger-with-air-india-19511222.htm
Google,Tata Merger,How are Tata Group companies linked? Why Tata Capital’s IPO could unlock value across conglomerate,Upstox,1 month ago,https://upstox.com/news/business-news/latest-updates/explained-why-tata-capital-s-potential-ipo-impacting-tata-group-stocks-how-are-the-companies-linked/article-136880/
Google,Tata Merger,"Merger with Tata Motors Finance will broaden Tata Capital’s product portfolio, says Fitch",The Hindu BusinessLine,24 Jun 2024,https://www.thehindubusinessline.com/companies/merger-with-tata-motors-finance-will-broaden-tata-capitals-product-portfolio-says-fitch/article68327326.ece
Google,Tata Merger,Air India-Vistara Merger: Strategic Win or Tata’s Gamble?,Skift,17 Sept 2024,https://skift.com/2024/09/17/air-india-vistara-merger-strategic-win-or-tatas-gamble/
Google,Tata Merger,Bharti Airtel-Tata Play entity may not have representatives from Tata Group on board,Business Today,4 weeks ago,https://www.businesstoday.in/latest/corporate/story/bharti-airtel-tata-play-entity-may-not-have-representatives-from-tata-group-on-board-459793-2025-01-07
Google,Tata Merger,Air India-Vistara merger completed: Tata-group airline becomes India’s largest international carrier; here’s how,mint,12 Nov 2024,https://www.livemint.com/companies/news/air-india-vistara-merger-completes-singapore-airlines-to-invest-rs-3-194-5-crore-in-indias-largest-international-carti-11731413602450.html
Google,Tata Merger,CCI Approves Proposed Merger Of Tata Motors Finance Limited With Tata Capital Limited,Live Law,12 Sept 2024,https://www.livelaw.in/consumer-cases/cci-approves-proposed-merger-of-tata-motors-finance-limited-with-tata-capital-limited-269464
Bing,Tata Merger,Tata Capital and Tata Motors Finance merger: NCLT asks NBFCs to seek shareholders' nod,Msn,1mon,https://www.msn.com/en-in/money/other/tata-capital-and-tata-motors-finance-merger-nclt-asks-nbfcs-to-seek-shareholders-nod/ar-AA1vqs54?ocid=BingNewsVerp
Bing,Tata Merger,Tata Capital sets stage for IPO with articles of association update,Business-standard,2d,https://www.business-standard.com/markets/ipo/tata-capital-sets-stage-for-ipo-with-articles-of-association-update-125013101256_1.html
Bing,Tata Merger,The Making Of An FMCG Giant,Tata,4y,https://www.tata.com/newsroom/business/making-fmcg-giant-tata-consumer-products
Bing,Tata Merger,Tata Sons seeks CCI clearance to acquire additional 10% stake in Tata Play,Msn,9d,https://www.msn.com/en-in/money/news/tata-sons-seeks-cci-clearance-to-acquire-additional-10-pc-stake-in-tata-play/ar-AA1xNk2j?ocid=BingNewsVerp
Bing,Tata Merger,Air India-Vistara Merger: Tata gets a key task done to move towards merging four airlines into two,Msn,7mon,https://www.msn.com/en-in/autos/news/air-india-vistara-merger-tata-gets-a-key-task-done-to-move-towards-merging-four-airlines-into-two/ar-BB1pAK8J?ocid=BingNewsVerp
Bing,Tata Merger,tata steel merger,Fortuneindia,2y,https://www.fortuneindia.com/topic/tata-steel-merger
Bing,Tata Merger,Tata Group announces merger of Vistara and Air India,News24online,2y,https://news24online.com/business/tata-group-announces-merger-of-vistara-and-air-india/65590/
Bing,Tata Merger,"Temasek, Ratan Tata Give Green Signal To Snapdeal Flipkart Merger",Inc42,7y,https://inc42.com/buzz/temasek-snapdeal-flipkart-merger/
Bing,Tata Merger,Discussion Tata Play Users: Which Essential Features Should Airtel Keep Post-Merger,Dreamdth,6y,https://dreamdth.com/community/threads/tata-play-users-which-essential-features-should-airtel-keep-post-merger.148741/
Bing,Tata Merger,Tata Steel Merger,Moneycontrol,2y,https://www.moneycontrol.com/news/tags/tata-steel-merger.html
Yahoo,Tata Merger,"Ratan Tata, austere Indian tycoon who bought Jaguar Land Rover but lost a fortune on British steel",The Telegraph·  via Yahoo Finance,4 months ago,https://r.search.yahoo.com/_ylt=AwrjIcQA.KBnLzgnekDQtDMD;_ylu=Y29sbwNncTEEcG9zAzEEdnRpZAMEc2VjA3Ny/RV=2/RE=1738631296/RO=10/RU=https%3a%2f%2ffinance.yahoo.com%2fnews%2fratan-tata-austere-indian-tycoon-150523359.html%3ffr%3dsycsrp_catchall/RK=2/RS=g5ZHedUCxSYcLs7nXtVqP5IoKQ8-
Yahoo,Tata Merger,"Disney strikes deal to sell stake in India's Tata Play, Bloomberg News reports",Reuters·  via Yahoo Finance,8 months ago,https://r.search.yahoo.com/_ylt=AwrjIcQA.KBnLzgnfEDQtDMD;_ylu=Y29sbwNncTEEcG9zAzIEdnRpZAMEc2VjA3Ny/RV=2/RE=1738631296/RO=10/RU=https%3a%2f%2ffinance.yahoo.com%2fnews%2fdisney-strikes-deal-sell-stake-161500120.html%3ffr%3dsycsrp_catchall/RK=2/RS=cLo.NrgBK38D__2l0LdGee8VNno-
Yahoo,Tata Merger,"India's Tata Sons raises stake in Tata Play, Temasek exits, Economic Times reports",Reuters·  via Yahoo Finance,9 months ago,https://r.search.yahoo.com/_ylt=AwrjIcQA.KBnLzgnfkDQtDMD;_ylu=Y29sbwNncTEEcG9zAzMEdnRpZAMEc2VjA3Ny/RV=2/RE=1738631296/RO=10/RU=https%3a%2f%2ffinance.yahoo.com%2fnews%2findias-tata-sons-raises-stake-034639433.html%3ffr%3dsycsrp_catchall/RK=2/RS=NcURSX.GUQgsqNcTHtrqFz6nfqY-
Yahoo,Tata Merger,Disney Is Said to Sell Stake in Tata’s India TV Platform,Bloomberg·  via Yahoo Finance,8 months ago,https://r.search.yahoo.com/_ylt=AwrjIcQA.KBnLzgngEDQtDMD;_ylu=Y29sbwNncTEEcG9zAzQEdnRpZAMEc2VjA3Ny/RV=2/RE=1738631296/RO=10/RU=https%3a%2f%2ffinance.yahoo.com%2fnews%2fdisney-said-sell-stake-tata-022649109.html%3ffr%3dsycsrp_catchall/RK=2/RS=xk3qr4cTIN_SyO7KPH2rC3Wq1PI-
Yahoo,Tata Merger,Air India CEO meets India antitrust chief on pending Vistara merger -sources,Reuters·  via Yahoo Finance,2 years ago,https://r.search.yahoo.com/_ylt=AwrjIcQA.KBnLzgngkDQtDMD;_ylu=Y29sbwNncTEEcG9zAzUEdnRpZAMEc2VjA3Ny/RV=2/RE=1738631296/RO=10/RU=https%3a%2f%2ffinance.yahoo.com%2fnews%2fair-india-ceo-meets-india-112842687.html%3ffr%3dsycsrp_catchall/RK=2/RS=OhGH7ZQcNP1Nhf1mao_NmsZnW80-
Yahoo,Tata Merger,Air India strives to revive its fortunes with Tata money,Reuters·  via Yahoo Finance,2 years ago,https://r.search.yahoo.com/_ylt=AwrjIcQA.KBnLzgnhEDQtDMD;_ylu=Y29sbwNncTEEcG9zAzYEdnRpZAMEc2VjA3Ny/RV=2/RE=1738631296/RO=10/RU=https%3a%2f%2ffinance.yahoo.com%2fnews%2fair-india-strives-revive-fortunes-153729188.html%3ffr%3dsycsrp_catchall/RK=2/RS=aT1kFHOW0HDO2bhxlfqNaI2CBJw-
Yahoo,Tata Merger,Deal to create one of world’s largest airline groups gets regulator approval,The Independent US·  via AOL,5 months ago,https://r.search.yahoo.com/_ylt=AwrjIcQA.KBnLzgnhkDQtDMD;_ylu=Y29sbwNncTEEcG9zAzcEdnRpZAMEc2VjA3Ny/RV=2/RE=1738631296/RO=10/RU=https%3a%2f%2fwww.aol.com%2fdeal-create-one-world-largest-114826582.html/RK=2/RS=UG5dXkNoF84CK8_4NJ0.vT7cvgk-
Yahoo,Tata Merger,Air India to operate Vistara flights from November as merger gets key approval,Reuters·  via Yahoo Finance,5 months ago,https://r.search.yahoo.com/_ylt=AwrjIcQA.KBnLzgniEDQtDMD;_ylu=Y29sbwNncTEEcG9zAzgEdnRpZAMEc2VjA3Ny/RV=2/RE=1738631296/RO=10/RU=https%3a%2f%2ffinance.yahoo.com%2fnews%2fsingapore-airlines-gets-indias-fdi-004403487.html%3ffr%3dsycsrp_catchall/RK=2/RS=bDbpbLoPjPw8m5XKG9t1pe237w0-
Yahoo,Tata Merger,,Investing.com·  via Yahoo Finance,1 year ago,
Yahoo,Tata Merger,"India flags antitrust concerns with Air India, Vistara merger -sources",Reuters·  via Yahoo Finance,2 years ago,https://r.search.yahoo.com/_ylt=AwrjIcQA.KBnLzgni0DQtDMD;_ylu=Y29sbwNncTEEcG9zAzEwBHZ0aWQDBHNlYwNzcg--/RV=2/RE=1738631296/RO=10/RU=https%3a%2f%2ffinance.yahoo.com%2fnews%2findia-antitrust-body-examining-air-042537209.html%3ffr%3dsycsrp_catchall/RK=2/RS=6Rql00BljHaYDZRKj.EH5OaCVe0-
Google,Tata Bankruptcy,"Meet India’s first female tennis Olympian whose diamond saved Tata Steel from bankruptcy, she is Ratan Tata’s",India.Com,4 Nov 2024,https://www.india.com/business/meet-indias-first-female-tennis-olympian-lady-meherbai-tata-whose-diamond-saved-tata-steel-from-bankruptcy-she-is-ratan-tatas-aunt-7367214/
Google,Tata Bankruptcy,Ratan Tata got 'revenge' by buying Jaguar and Land Rover after facing 'humiliation' by Ford | INSIDE STORY,India TV News,10 Oct 2024,https://www.indiatvnews.com/business/news/ratan-tata-got-revenge-by-buying-jaguar-and-land-rover-after-facing-humiliation-by-ford-2008-deal-2024-10-10-956468
Google,Tata Bankruptcy,"How Ford's insult led Ratan Tata to buy Jaguar, Land Rover",Times of India,10 Oct 2024,https://timesofindia.indiatimes.com/business/india-business/how-fords-insult-led-ratan-tata-to-buy-jaguar-land-rover/articleshow/114119073.cms
Google,Tata Bankruptcy,TATA Steel’s Acquisition of Bhushan Steel: CESTAT Rules Appeals Abate Post NCLT RP Approval Under IBC,Taxscan,1 month ago,https://www.taxscan.in/tata-steel-took-over-bhushan-steel-cestat-clarifies-appeals-are-abated-post-rp-approval-by-nclt-under-ibc-it-becomes-functus-officio/473401/
Google,Tata Bankruptcy,Once India-bound EV startup Fisker files for bankruptcy,HT Auto,18 Jun 2024,https://auto.hindustantimes.com/auto/electric-vehicles/indiabound-ev-startup-fisker-files-for-bankruptcy-41718695865554.html
Google,Tata Bankruptcy,Tupperware Bankruptcy: Netizens Reminisce & React To The Fallen Icon Of Kitchenware,Free Press Journal,19 Sept 2024,https://www.freepressjournal.in/business/tupperware-bankruptcy-netizens-reminisce-react-to-the-fallen-icon-of-kitchenware
Google,Tata Bankruptcy,"Meet man, Ratan Tata ousted him from three Tata firms, his airline went bankrupt, still one of India's riches",India.Com,1 month ago,https://www.india.com/business/meet-man-ratan-tata-ousted-him-from-three-tata-firms-his-airline-went-bankrupt-still-one-of-indias-richest-with-net-worth-of-rs-44000-crores-his-son-is-ness-wadia-7470806/
Google,Tata Bankruptcy,TATA Health Navigates Financial Challenges Amid Bankruptcy,TipRanks,1 month ago,https://www.tipranks.com/news/company-announcements/tata-health-navigates-financial-challenges-amid-bankruptcy
Google,Tata Bankruptcy,"How Ratan Tata bailed out Ford by buying Jaguar-Land Rover, despite the American firm humiliating him years before",The Hindu,10 Oct 2024,https://www.thehindu.com/business/Industry/how-ratan-tata-bailed-out-ford-by-buying-jaguar-land-rover-despite-the-american-firm-humiliating-him-years-before/article68740015.ece
Google,Tata Bankruptcy,How Tata Steel turned around bankrupt Bhushan Steel,Business Today,18 May 2021,https://www.businesstoday.in/latest/corporate/story/how-tata-steel-turned-around-bankrupt-bhushan-steel-296337-2021-05-18
Bing,Tata Bankruptcy,"Noel Tata scripts history, Tata Steel becomes first Indian company to…, helps India to achieve…",Msn,14h,https://www.msn.com/en-in/society-culture-and-history/history/noel-tata-scripts-history-tata-steel-becomes-first-indian-company-to-helps-india-to-achieve/ar-AA1yisZy?ocid=BingNewsVerp
Bing,Tata Bankruptcy,"Ratan Tata changed the date of 7 companies, they are now doing super business, these companies are...",Msn,3mon,https://www.msn.com/en-in/autos/news/ratan-tata-changed-the-date-of-7-companies-they-are-now-doing-super-business-these-companies-are/ar-AA1scPGS?ocid=BingNewsVerp
Bing,Tata Bankruptcy,"Meet India's first female Tennis Olympian, whose diamond once saved Tata Steel from bankruptcy, was wife of…",Dnaindia,3mon,https://www.dnaindia.com/education/report-meet-india-female-tennis-olympian-lady-meherbai-tata-diamond-once-saved-tata-steel-from-bankruptcy-3114331
Bing,Tata Bankruptcy,TATA Health Navigates Financial Challenges Amid Bankruptcy,Nasdaq,1mon,https://www.nasdaq.com/articles/tata-health-navigates-financial-challenges-amid-bankruptcy
Bing,Tata Bankruptcy,Ratan Tata Birth Anniversary: Honour The Legacy Of A Visionary Leader,Msn,1mon,https://www.msn.com/en-in/society-culture-and-history/general/ratan-tata-birth-anniversary-honour-the-legacy-of-a-visionary-leader/ar-AA1wC7dF?ocid=BingNewsVerp
Yahoo,Tata Bankruptcy,Go First's bankruptcy has fueled mass resignations and higher air fares,Quartz·  via Yahoo News,2 years ago,https://r.search.yahoo.com/_ylt=AwrjIcQK.KBniUAk6znQtDMD;_ylu=Y29sbwNncTEEcG9zAzEEdnRpZAMEc2VjA3Ny/RV=2/RE=1738631306/RO=10/RU=https%3a%2f%2fwww.yahoo.com%2ftech%2ffirsts-bankruptcy-fueled-mass-resignations-101500639.html/RK=2/RS=AnB3eDhFSdevbFZ09E.i_UY23.M-
Yahoo,Tata Bankruptcy,"India's Go First touts owner, govt backing after bankruptcy filing",Reuters·  via Yahoo Finance,2 years ago,https://r.search.yahoo.com/_ylt=AwrjIcQK.KBniUAk7TnQtDMD;_ylu=Y29sbwNncTEEcG9zAzIEdnRpZAMEc2VjA3Ny/RV=2/RE=1738631306/RO=10/RU=https%3a%2f%2ffinance.yahoo.com%2fnews%2findigo-shares-surge-smaller-rival-043606652.html%3ffr%3dsycsrp_catchall/RK=2/RS=eF3fkG1Jrww.mvSm.ANfw9IfUKE-
Yahoo,Tata Bankruptcy,"India's Go First airline files for bankruptcy, blames Pratt & Whitney engines",Reuters·  via Yahoo Finance,2 years ago,https://r.search.yahoo.com/_ylt=AwrjIcQK.KBniUAk7znQtDMD;_ylu=Y29sbwNncTEEcG9zAzMEdnRpZAMEc2VjA3Ny/RV=2/RE=1738631306/RO=10/RU=https%3a%2f%2ffinance.yahoo.com%2fnews%2findias-first-airline-files-bankruptcy-101608770.html%3ffr%3dsycsrp_catchall/RK=2/RS=lMdn1p6OnAgen81DhxEBq2JoIOY-
Yahoo,Tata Bankruptcy,"India's Go First airline gains bankruptcy protection, lessors' woes deepen",Reuters·  via Yahoo Finance,2 years ago,https://r.search.yahoo.com/_ylt=AwrjIcQK.KBniUAk8TnQtDMD;_ylu=Y29sbwNncTEEcG9zAzQEdnRpZAMEc2VjA3Ny/RV=2/RE=1738631306/RO=10/RU=https%3a%2f%2ffinance.yahoo.com%2fnews%2findia-decide-first-bankruptcy-lessors-022933369.html%3ffr%3dsycsrp_catchall/RK=2/RS=yRWOd.BTapoyVoeWVXBsozkLSfI-
Yahoo,Tata Bankruptcy,Is JinkoSolar Holding Co (JKS) Too Good to Be True? A Comprehensive Analysis of a Potential ...,GuruFocus.com·  via Yahoo Finance,1 year ago,https://r.search.yahoo.com/_ylt=AwrjIcQK.KBniUAk8znQtDMD;_ylu=Y29sbwNncTEEcG9zAzUEdnRpZAMEc2VjA3Ny/RV=2/RE=1738631306/RO=10/RU=https%3a%2f%2ffinance.yahoo.com%2fnews%2fjinkosolar-holding-co-jks-too-233747157.html%3ffr%3dsycsrp_catchall/RK=2/RS=BqAgyRecuP8PxawVHdbN19H7hEs-
Yahoo,Tata Bankruptcy,Is Viasat (VSAT) Too Good to Be True? A Comprehensive Analysis of a Potential Value Trap,GuruFocus.com·  via Yahoo Finance,1 year ago,https://r.search.yahoo.com/_ylt=AwrjIcQK.KBniUAk9TnQtDMD;_ylu=Y29sbwNncTEEcG9zAzYEdnRpZAMEc2VjA3Ny/RV=2/RE=1738631306/RO=10/RU=https%3a%2f%2ffinance.yahoo.com%2fnews%2fviasat-vsat-too-good-true-234134524.html%3ffr%3dsycsrp_catchall/RK=2/RS=MgWWuzoedcffn.4Nm3cQk_xj0jo-
Yahoo,Tata Bankruptcy,"Influencer Selling Hamptons Estate, Moving to Miami After Husband’s Suicide",The Daily Beast·  via Yahoo News,6 months ago,https://r.search.yahoo.com/_ylt=AwrjIcQK.KBniUAk9znQtDMD;_ylu=Y29sbwNncTEEcG9zAzcEdnRpZAMEc2VjA3Ny/RV=2/RE=1738631306/RO=10/RU=https%3a%2f%2fwww.yahoo.com%2fentertainment%2finfluencer-selling-hamptons-estate-moving-161611211.html%3ffr%3dsycsrp_catchall/RK=2/RS=xH2.cb2iz4aYFHWJr2.OY3s11kE-
Yahoo,Tata Bankruptcy,When You're Here You're Family: The New Neighborhood Beauty Shops,Town & Country·  via Yahoo News,1 year ago,https://r.search.yahoo.com/_ylt=AwrjIcQK.KBniUAk.TnQtDMD;_ylu=Y29sbwNncTEEcG9zAzgEdnRpZAMEc2VjA3Ny/RV=2/RE=1738631306/RO=10/RU=https%3a%2f%2fwww.yahoo.com%2flifestyle%2fyoure-youre-family-neighborhood-beauty-180000890.html%3ffr%3dsycsrp_catchall/RK=2/RS=nFaaL40inFlQLJSC.BiHINqLRFI-
Yahoo,Tata Bankruptcy,India is now the most populous country in the world. And it’s ready to become a tourism force,CNN·  via Yahoo News,2 years ago,https://r.search.yahoo.com/_ylt=AwrjIcQK.KBniUAk.znQtDMD;_ylu=Y29sbwNncTEEcG9zAzkEdnRpZAMEc2VjA3Ny/RV=2/RE=1738631306/RO=10/RU=https%3a%2f%2fnews.yahoo.com%2findia-now-most-populous-country-015347798.html%3ffr%3dsycsrp_catchall/RK=2/RS=3tcCAcQHppXKdKJvXK6V7ypUoQY-
Yahoo,Tata Bankruptcy,'Risky jurisdiction': Aircraft lessors raise alarm over Go First crisis in India,Reuters·  via Yahoo Finance,2 years ago,https://r.search.yahoo.com/_ylt=AwrjIcQK.KBniUAk_TnQtDMD;_ylu=Y29sbwNncTEEcG9zAzEwBHZ0aWQDBHNlYwNzcg--/RV=2/RE=1738631306/RO=10/RU=https%3a%2f%2ffinance.yahoo.com%2fnews%2frisky-jurisdiction-aircraft-lessors-raise-113848087.html%3ffr%3dsycsrp_catchall/RK=2/RS=Hlgc2Nq49sxbKmUAANZtqjjlKHo-
Google,Jio Lawsuits,LinkedIn lawsuit over use of customer data for AI models is dismissed,The Economic Times,3 days ago,https://m.economictimes.com/tech/artificial-intelligence/linkedin-lawsuit-over-use-of-customer-data-for-ai-models-is-dismissed/amp_articleshow/117796901.cms
Google,Jio Lawsuits,JioHotstar vs Delhi Techie: What is Domain Squatting and can there be legal action?,Digit,25 Oct 2024,https://www.digit.in/news/general/jiohotstar-vs-delhi-techie-what-is-domain-squatting-and-can-there-be-legal-action.html
Google,Jio Lawsuits,JioHotstar.com ownership dispute explained: How JioHotstar domain went from Delhi techie to Dubai sibling,Times of India,28 Oct 2024,https://timesofindia.indiatimes.com/technology/tech-news/jiohotstar-com-ownership-dispute-explained-how-jiohotstar-domain-went-from-delhi-techie-to-dubai-siblings/articleshow/114686323.cms
Google,Jio Lawsuits,Disney settles lawsuit for $43 million over alleged gender pay disparity,Business Standard,26 Nov 2024,https://www.business-standard.com/world-news/disney-settles-lawsuit-for-43-million-over-alleged-gender-pay-disparity-124112600489_1.html
Google,Jio Lawsuits,Earnings call: Reliance Jio saw 250% rise in data traffic in the past three years,MediaNama,25 Apr 2024,https://www.medianama.com/2024/04/223-earnings-call-reliance-jio-250-per-cent-rise-in-data-traffic/
Google,Jio Lawsuits,SIM Shutdown Sparks Legal Battle: Mukesh Ambani Taken to Court Over Jio Dispute,PUNE PULSE,8 Aug 2024,https://www.mypunepulse.com/sim-shutdown-sparks-legal-battle-mukesh-ambani-taken-to-court-over-jio-dispute/
Google,Jio Lawsuits,Adani to Invest $2 Bn in Building Jio World Like Convention Centre,Indianweb2.com,20 Nov 2024,https://www.indianweb2.com/2024/11/adani-to-invest-2-bn-in-building-jio.html
Google,Jio Lawsuits,Govt Response to Mobile Radiation Concerns for Pregnant Women,news24online.com,17 Jul 2024,https://news24online.com/tech/does-mobile-tower-radiation-impact-pregnant-women-read-how-govt-responded-to-this-serious-concern-308068/308068/
Google,Jio Lawsuits,"89% of Indians face call drops even after tariff hike by Jio, Airtel, VI",Business Standard,15 Jul 2024,https://www.business-standard.com/finance/personal-finance/89-of-indians-face-call-drops-even-after-tariff-hike-by-jio-airtel-vi-124071500323_1.html
Google,Jio Lawsuits,Jio buys U.S.-based Mimosa Networks for $60 mn,The Hindu,9 Mar 2023,https://www.thehindu.com/business/jio-buys-us-based-mimosa-networks-for-60-mn/article66600947.ece
Bing,Jio Lawsuits,'Chor Ke Ghar Chori': ChatGPT maker OpenAI roasted after theft claims against China's DeepSeek,Timesofindia,4d,https://timesofindia.indiatimes.com/technology/social/chor-ke-ghar-chori-chatgpt-maker-openai-roasted-after-theft-claims-against-chinas-deepseek/articleshow/117726470.cms
Bing,Jio Lawsuits,Jio Financial Services Announcement under Regulation 30 (LODR)-Acquisition,Economictimes,13d,https://economictimes.indiatimes.com/jio-financial-services-ltd/stocksupdate/companyid-14555.cms
Bing,Jio Lawsuits,Jio All-In-One Explained: Here's the List of Jio All-In-One Plans,Gizbot,23d,https://www.gizbot.com/telecom/features/jio-all-in-one-explained-heres-the-list-of-jio-all-in-one-plans-108103.html
Yahoo,Jio Lawsuits,Asia’s richest man launches $12 4G phones,NextShark,2 years ago,https://r.search.yahoo.com/_ylt=AwrO6PsU.KBnfbwnHRjQtDMD;_ylu=Y29sbwNncTEEcG9zAzEEdnRpZAMEc2VjA3Ny/RV=2/RE=1738631317/RO=10/RU=https%3a%2f%2fnextshark.com%2fmukesh-ambani-cheapest-internet-connected-phone%2f/RK=2/RS=EXh72uxGPVfTaxIQStUWjHGhs7I-
Yahoo,Jio Lawsuits,"Apple, Google to alert smartphone users of nearby wireless tracking devices",United Press International·  via Yahoo News,9 months ago,https://r.search.yahoo.com/_ylt=AwrO6PsU.KBnfbwnHxjQtDMD;_ylu=Y29sbwNncTEEcG9zAzIEdnRpZAMEc2VjA3Ny/RV=2/RE=1738631317/RO=10/RU=https%3a%2f%2fwww.yahoo.com%2ftech%2fapple-google-alert-smartphone-users-202347307.html/RK=2/RS=H0d9q5Tb7TZIZMyVYwAX5nIp0po-
Yahoo,Jio Lawsuits,"You'll now be able to tell if a tracking device, like an Apple Airtag, is moving with you",Scripps News·  via AOL,9 months ago,https://r.search.yahoo.com/_ylt=AwrO6PsU.KBnfbwnIRjQtDMD;_ylu=Y29sbwNncTEEcG9zAzMEdnRpZAMEc2VjA3Ny/RV=2/RE=1738631317/RO=10/RU=https%3a%2f%2fwww.aol.com%2fyoull-now-able-tell-tracking-185807929.html/RK=2/RS=8BIQEf09Tr4mtN7QemLymZM8cJ4-
Yahoo,Jio Lawsuits,"The world's richest families, a privileged pass to college, and microdosing Zepbound: Lifestyle roundup",Quartz·  via Yahoo News,1 month ago,https://r.search.yahoo.com/_ylt=AwrO6PsU.KBnfbwnIxjQtDMD;_ylu=Y29sbwNncTEEcG9zAzQEdnRpZAMEc2VjA3Ny/RV=2/RE=1738631317/RO=10/RU=https%3a%2f%2fwww.yahoo.com%2flifestyle%2fworlds-richest-families-privileged-pass-140000608.html%3ffr%3dsycsrp_catchall/RK=2/RS=FiUEOOWlL7Y09Gi1RLr44KMGE8k-
Yahoo,Jio Lawsuits,Apple and Google roll out a cross-platform feature to tackle unwanted Bluetooth trackers,Engadget,9 months ago,https://r.search.yahoo.com/_ylt=AwrO6PsU.KBnfbwnJRjQtDMD;_ylu=Y29sbwNncTEEcG9zAzUEdnRpZAMEc2VjA3Ny/RV=2/RE=1738631317/RO=10/RU=https%3a%2f%2fwww.engadget.com%2fapple-and-google-roll-out-a-cross-platform-feature-to-tackle-unwanted-bluetooth-trackers-172411423.html/RK=2/RS=XutA9Z_mb3L2Ir5mfjWGwIdQlIw-
Yahoo,Jio Lawsuits,India's Religare says US businessman makes competing offer for stake,Reuters·  via Yahoo Finance,1 week ago,https://r.search.yahoo.com/_ylt=AwrO6PsU.KBnfbwnJxjQtDMD;_ylu=Y29sbwNncTEEcG9zAzYEdnRpZAMEc2VjA3Ny/RV=2/RE=1738631317/RO=10/RU=https%3a%2f%2ffinance.yahoo.com%2fnews%2findias-religare-says-us-businessman-072427155.html%3ffr%3dsycsrp_catchall/RK=2/RS=89kxlvQjAoZbpyHL.89PildlH9U-
Yahoo,Jio Lawsuits,"IPL: Chennai Super Kings, the power franchise led by MS Dhoni",Yahoo Finance UK,2 years ago,https://r.search.yahoo.com/_ylt=AwrO6PsU.KBnfbwnKRjQtDMD;_ylu=Y29sbwNncTEEcG9zAzcEdnRpZAMEc2VjA3Ny/RV=2/RE=1738631317/RO=10/RU=https%3a%2f%2ffinance.yahoo.com%2fnews%2fipl-chennai-super-kings-ms-dhoni-000047734.html%3ffr%3dsycsrp_catchall/RK=2/RS=q2BeCvzcF.iB4jwnaOZElkRWsbU-
Yahoo,Jio Lawsuits,A look at how one fintech CEO's PR decision backfired,TechCrunch,1 year ago,https://r.search.yahoo.com/_ylt=AwrO6PsU.KBnfbwnKxjQtDMD;_ylu=Y29sbwNncTEEcG9zAzgEdnRpZAMEc2VjA3Ny/RV=2/RE=1738631317/RO=10/RU=https%3a%2f%2ftechcrunch.com%2f2023%2f10%2f29%2fa-look-at-how-one-fintech-ceos-pr-decision-backfired%2f/RK=2/RS=gnNeXcaSE0OqFInE1b0A0uTbYwY-
Yahoo,Jio Lawsuits,Star Founder Broke Down in Tears as Crises Engulfed Byju’s,Bloomberg·  via Yahoo Finance,2 years ago,https://r.search.yahoo.com/_ylt=AwrO6PsU.KBnfbwnLRjQtDMD;_ylu=Y29sbwNncTEEcG9zAzkEdnRpZAMEc2VjA3Ny/RV=2/RE=1738631317/RO=10/RU=https%3a%2f%2ffinance.yahoo.com%2fnews%2fstar-founder-broke-down-tears-000000431.html%3ffr%3dsycsrp_catchall/RK=2/RS=aWeppqbjOh7YOiVzqh5HsXg8lWM-
Google,Jio Merger,Reliance Jio and Disney Star merger complete: JioStar.com is the go-to website; this means a big ‘Not Int,Times of India,15 Nov 2024,https://timesofindia.indiatimes.com/technology/tech-news/reliance-jio-and-disney-star-merger-complete-jiostar-com-is-the-go-to-website-this-means-a-big-not-interested-message-to-/articleshow/115311446.cms
Google,Jio Merger,Mukesh Ambani's gift to users after Jio-Disney merger as JioStar announces subscription plans starting at jus,India.Com,18 Nov 2024,https://www.india.com/business/mukesh-ambani-gift-to-users-after-jio-disney-merger-as-jiostar-announces-subscription-plans-starting-at-just-rs-15-jiocinema-hotsar-merger-reliance-jio-nita-ambani-jiostar-dot-com-7400053/
Google,Jio Merger,"Jio Cinema to merge with Disney+ Hotstar: What will happen to movies, shows and IPL streaming",Digit,20 Oct 2024,https://www.digit.in/news/apps/jio-cinema-to-merge-with-disney-hotstar-what-will-happen-to-movies-shows-and-ipl-streaming.html
Google,Jio Merger,Jio and Star to operate as unified entity from India-England series,Cricbuzz.com,1 month ago,https://www.cricbuzz.com/cricket-news/132883/jio-and-star-to-operate-as-unified-entity-from-india-england-series
Google,Jio Merger,"Mukesh Ambani's MEGA offer after Jio-Disney merger, Jiostar plans starting at just Rs...",DNA India,18 Nov 2024,https://www.dnaindia.com/business/report-mukesh-ambanis-mega-offer-after-jio-disney-merger-jiostar-plans-starting-at-just-rs-15-3118500
Google,Jio Merger,"Reliance, Disney finalise $8.5B merger of Indian assets; no clarity if JioCinema, Hotstar will merge into JioHotstar",Hindustan Times,15 Nov 2024,https://www.hindustantimes.com/entertainment/reliance-disney-finalise-8-5b-merger-of-indian-assets-no-clarity-if-jiocinema-hotstar-will-merge-into-jiohotstar-101731640686106.html
Google,Jio Merger,Reliance Jio & Disney star complete merger to create $8.5-bn JV,BusinessLine,15 Nov 2024,https://www.thehindubusinessline.com/companies/reliance-disney-complete-merger-to-create-85-billion-jv/article68868404.ece
Google,Jio Merger,Jio Mere Lal: Meet the secret superstar who outsmarted Reliance and secured JioHotstar.com,India Today,24 Oct 2024,https://www.indiatoday.in/fact-check/story/reliance-jio-cinema-disney-hotstar-merger-domain-url-anonymous-owner-interview-2622702-2024-10-24
Google,Jio Merger,Reliance-Disney-Star merger: Why JioStar faces a tough climb’,Fortune India,7 Dec 2024,https://www.fortuneindia.com/long-reads/reliance-disney-star-merger-why-jiostar-faces-tough-climb-to-content-supremacy/119435
Google,Jio Merger,"Jio Star website goes live ahead of Jio, Disney+ Hostar merger, ends Jio Hotstar domain discussion",India TV News,12 Nov 2024,https://www.indiatvnews.com/technology/news/jio-star-website-goes-live-ahead-of-jio-disney-hostar-merger-ends-jio-hotstar-domain-discussion-2024-11-12-961223
Bing,Jio Merger,IPL 2025 ad rates spike 25-30% following JioStar merger,Thehindubusinessline,8d,https://www.thehindubusinessline.com/companies/ipl-2025-ad-rates-spike-25-30-following-jiostar-merger/article69142928.ece
Bing,Jio Merger,"Jio Financial, BlackRock expand operations with new broking venture",Msn,13d,https://www.msn.com/en-in/money/markets/jio-financial-blackrock-expand-operations-with-new-broking-venture/ar-AA1xzgo5?ocid=BingNewsVerp
Bing,Jio Merger,Reliance Jio,Ndtv,3d,https://www.ndtv.com/topic/reliance-jio
Bing,Jio Merger,Ex Disney+ Hotstar head Sajith Sivanandan joins Jio Mobile Digital Services as president,Thehindu,12d,https://www.thehindu.com/sci-tech/technology/ex-disney-hotstar-head-sajith-sivanandan-joins-jio-mobile-digital-services-as-president/article69126555.ece
Bing,Jio Merger,Jio Star channel bouquet pricing revealed: What it means for your TV bills,Indiatvnews,28d,https://www.indiatvnews.com/technology/news/jio-star-channel-bouquet-pricing-revealed-what-it-means-for-your-tv-bills-2025-01-05-969661
Bing,Jio Merger,Jio Financial Services Share Price,Economictimes,2d,https://economictimes.indiatimes.com/jio-financial-services-ltd/stocks/companyid-14555.cms
Bing,Jio Merger,Jio Financial Services Share Price Live Today,Cnbctv18,2d,https://www.cnbctv18.com/market/stocks/jio-financial-services-share-price/JFS/
Bing,Jio Merger,Jio All-In-One Explained: Here's the List of Jio All-In-One Plans,Gizbot,23d,https://www.gizbot.com/telecom/features/jio-all-in-one-explained-heres-the-list-of-jio-all-in-one-plans-108103.html
Yahoo,Jio Merger,"India’s Jio Studios Chief Reveals Slate, Strategy: ‘We’ve Hit a Purple Patch, Like Tendulkar Hitting Centuries’ (EXCLUSIVE)",Variety·  via Yahoo News,10 months ago,https://r.search.yahoo.com/_ylt=AwrO6Psd.KBnpnAnTzvQtDMD;_ylu=Y29sbwNncTEEcG9zAzEEdnRpZANDSFQtREZEXzEEc2VjA3Ny/RV=2/RE=1738631326/RO=10/RU=https%3a%2f%2fwww.yahoo.com%2fentertainment%2findia-jio-studios-chief-reveals-024500157.html%3ffr%3dsycsrp_catchall/RK=2/RS=1QxAn5wnPUeiCbkgYkFj1sGDe5E-
Yahoo,Jio Merger,"Reliance's Jio Financial hits limit-down on debut, valued at $19 billion",Reuters·  via Yahoo Finance,1 year ago,https://r.search.yahoo.com/_ylt=AwrO6Psd.KBnpnAnUTvQtDMD;_ylu=Y29sbwNncTEEcG9zAzIEdnRpZANDSFQtREZEXzEEc2VjA3Ny/RV=2/RE=1738631326/RO=10/RU=https%3a%2f%2ffinance.yahoo.com%2fnews%2freliance-spin-off-jio-financial-044345942.html%3ffr%3dsycsrp_catchall/RK=2/RS=q1iVUJ.TDD1NG4Q8gqRmPAh2R64-
Yahoo,Jio Merger,"Disney and Mukesh Ambani’s Reliance Industries Edge Closer to Massive India TV Deal, Say Reports",Variety·  via Yahoo News,1 year ago,https://r.search.yahoo.com/_ylt=AwrO6Psd.KBnpnAnUzvQtDMD;_ylu=Y29sbwNncTEEcG9zAzMEdnRpZANDSFQtREZEXzEEc2VjA3Ny/RV=2/RE=1738631326/RO=10/RU=https%3a%2f%2fwww.yahoo.com%2fentertainment%2fdisney-mukesh-ambani-reliance-industries-112217301.html%3ffr%3dsycsrp_catchall/RK=2/RS=GS.1wOo8WuTWOCj41OkXZDpmToE-
Yahoo,Jio Merger,Will the $6 Billion IPL Cricket Series Mean Disney is Hit for Six in India?,Variety·  via Yahoo News,2 years ago,https://r.search.yahoo.com/_ylt=AwrO6Psd.KBnpnAnVTvQtDMD;_ylu=Y29sbwNncTEEcG9zAzQEdnRpZANDSFQtREZEXzEEc2VjA3Ny/RV=2/RE=1738631326/RO=10/RU=https%3a%2f%2fwww.yahoo.com%2fentertainment%2f6-billion-ipl-cricket-series-133000163.html%3ffr%3dsycsrp_catchall/RK=2/RS=utw0v.3MIPcymaSoTZMvI12RXbc-
Yahoo,Jio Merger,"Will the Sony-Zee Merger Be a Turning Point in Indian Media, or Another Milestone in the Decline of Linear TV?",Variety·  via Yahoo News,1 year ago,https://r.search.yahoo.com/_ylt=AwrO6Psd.KBnpnAnVzvQtDMD;_ylu=Y29sbwNncTEEcG9zAzUEdnRpZANDSFQtREZEXzEEc2VjA3Ny/RV=2/RE=1738631326/RO=10/RU=https%3a%2f%2fwww.yahoo.com%2fentertainment%2fsony-zee-merger-turning-point-141430708.html%3ffr%3dsycsrp_catchall/RK=2/RS=5EM6yhiFIDubdiQv7hM6tKmj28o-
Yahoo,Jio Merger,Sony Calls Off $10 Billion Merger With Indian TV Giant Zee Entertainment Enterprises,Variety·  via Yahoo News,1 year ago,https://r.search.yahoo.com/_ylt=AwrO6Psd.KBnpnAnWTvQtDMD;_ylu=Y29sbwNncTEEcG9zAzYEdnRpZANDSFQtREZEXzEEc2VjA3Ny/RV=2/RE=1738631326/RO=10/RU=https%3a%2f%2fwww.yahoo.com%2fentertainment%2fsony-calls-off-10-billion-063609541.html%3ffr%3dsycsrp_catchall/RK=2/RS=MuEXFt3NPXTP9C1TuspRGjzLCuc-
Yahoo,Jio Merger,India's Vodafone Idea misses Q4 revenue view as subscriber base narrows,Reuters·  via Yahoo Finance,9 months ago,https://r.search.yahoo.com/_ylt=AwrO6Psd.KBnpnAnWzvQtDMD;_ylu=Y29sbwNncTEEcG9zAzcEdnRpZANDSFQtREZEXzEEc2VjA3Ny/RV=2/RE=1738631326/RO=10/RU=https%3a%2f%2ffinance.yahoo.com%2fnews%2findias-vodafone-idea-misses-q4-145114735.html%3ffr%3dsycsrp_catchall/RK=2/RS=87CccCQXO9DLC0y57tniqJLntx4-
Yahoo,Jio Merger,India's Vodafone Idea reports lower-than-expected Q1 loss on reduced expenses,Reuters·  via Yahoo Finance,6 months ago,https://r.search.yahoo.com/_ylt=AwrO6Psd.KBnpnAnXTvQtDMD;_ylu=Y29sbwNncTEEcG9zAzgEdnRpZANDSFQtREZEXzEEc2VjA3Ny/RV=2/RE=1738631326/RO=10/RU=https%3a%2f%2ffinance.yahoo.com%2fnews%2findias-vodafone-idea-reports-lower-143418326.html%3ffr%3dsycsrp_catchall/RK=2/RS=jG2d.FKNJKAETK11TUDzSrbUNVU-
Yahoo,Jio Merger,Disney In Talks With Mukesh Ambani's Reliance For Mega Indian Media Merger,Benzinga·  via Yahoo Finance,1 year ago,https://r.search.yahoo.com/_ylt=AwrO6Psd.KBnpnAnXzvQtDMD;_ylu=Y29sbwNncTEEcG9zAzkEdnRpZANDSFQtREZEXzEEc2VjA3Ny/RV=2/RE=1738631326/RO=10/RU=https%3a%2f%2ffinance.yahoo.com%2fnews%2fdisney-talks-mukesh-ambanis-reliance-090020066.html%3ffr%3dsycsrp_catchall/RK=2/RS=REQXEUT99xk2RtW6r83n1rxTMng-
Yahoo,Jio Merger,Disney-Reliance $8.5 Billion Media Merger Faces Antitrust Scrutiny in India Over Cricket Rights: Report,Variety·  via Yahoo Finance,5 months ago,https://r.search.yahoo.com/_ylt=AwrO6Psd.KBnpnAnYTvQtDMD;_ylu=Y29sbwNncTEEcG9zAzEwBHZ0aWQDQ0hULURGRF8xBHNlYwNzcg--/RV=2/RE=1738631326/RO=10/RU=https%3a%2f%2ffinance.yahoo.com%2fnews%2fdisney-reliance-8-5-billion-154919851.html%3ffr%3dsycsrp_catchall/RK=2/RS=Pa1xtkKOsgk9WdCupuMnhQ05IbA-
Google,Jio Bankruptcy,Reliance Infratel Insolvency: Supreme Court Restores Four Entities As Financial Creditors,NDTV Profit,1 month ago,https://www.ndtvprofit.com/business/reliance-infratel-insolvency-supreme-court-restores-four-entities-as-financial-creditors
Google,Jio Bankruptcy,Jio moves NCLT for early resolution of Reliance Infratel bankruptcy process,The Economic Times,6 Nov 2022,https://m.economictimes.com/industry/telecom/telecom-news/jio-moves-nclt-for-early-resolution-of-reliance-infratel-bankruptcy-process/articleshow/95341618.cms
Google,Jio Bankruptcy,Jio moves NCLT for early resolution of Reliance Infratel bankruptcy process,ET Telecom,6 Nov 2022,https://telecom.economictimes.indiatimes.com/news/jio-moves-nclt-for-early-resolution-of-reliance-infratel-bankruptcy-process/95341787
Google,Jio Bankruptcy,Mukesh Ambani's Reliance Jio planning to bid for brother Anil's RCom in bankruptcy,India Today,17 Jul 2019,https://www.indiatoday.in/business/story/mukesh-ambani-s-reliance-jio-planning-to-bid-for-brother-anil-s-rcom-in-bankruptcy-1570373-2019-07-17
Google,Jio Bankruptcy,"Aircel files for bankruptcy, cites Jio's disruptive entry as a reason",Business Standard,28 Feb 2018,https://www.business-standard.com/article/companies/aircel-files-for-bankruptcy-cites-jio-s-disruptive-entry-as-a-reason-118022800709_1.html
Google,Jio Bankruptcy,"Airtel, Reliance Jio submit bids for assets of bankrupt RCom | Mint",mint,25 Nov 2019,https://www.livemint.com/industry/telecom/reliance-jio-bharti-airtel-submit-bids-for-rcom-assets-11574672715005.html
Google,Jio Bankruptcy,"Tariff war with Jio, Rs 46,000 cr debt, pressure from lenders force RCom to go for bankruptcy",Business Today,2 Feb 2019,https://www.businesstoday.in/latest/corporate/story/anil-ambani-rcom-files-for-bankruptcy-after-several-failed-attempts-to-repay-debt-168013-2019-02-02
Google,Jio Bankruptcy,Reliance Communications: End of the road or last throw of the dice?’,Fortune India,2 Feb 2019,https://www.fortuneindia.com/enterprise/reliance-communications-end-of-the-road-or-last-throw-of-the-dice/102941
Google,Jio Bankruptcy,What happens if Vodafone Idea goes bankrupt?,Capitalmind,5 Aug 2021,https://premium.capitalmind.in/2021/08/what-happens-if-vodafone-idea-goes-bankrupt/
Google,Jio Bankruptcy,"BSNL ‘sinking deep’ in crisis amid user churn to Jio, Airtel, delay in 4G gear supply: Employees union",ET Telecom,16 Feb 2024,https://telecom.economictimes.indiatimes.com/news/industry/bsnl-sinking-deep-in-crisis-amid-user-churn-to-jio-airtel-delay-in-4g-gear-supply-employees-union/107748436
Bing,Jio Bankruptcy,Jio Financial Services Share Price Highlights: Jio Financial Services closes lower at Rs 289.25,Economictimes,24d,https://economictimes.indiatimes.com/markets/stocks/stock-liveblog/jio-financial-services-stock-price-livestock-price-today-live-updates-09-jan-2025/liveblog/117069881.cms
Bing,Jio Bankruptcy,Jio Financial Services shares in focus after Rs 117 crore infusion in mutual fund business,Msn,12d,https://www.msn.com/en-in/money/other/jio-financial-services-shares-in-focus-after-rs-117-crore-infusion-in-mutual-fund-business/ar-AA1xCTVe?ocid=BingNewsVerp
Bing,Jio Bankruptcy,Jio Recharge Plans 2025: Top 5G plans under Rs 500 for everyone,Digit,24d,https://www.digit.in/news/general/jio-recharge-plans-2025-top-5g-plans-under-rs-500-for-everyone.html
Bing,Jio Bankruptcy,Jio delivers significant savings with free Netflix for 84 days on two plans featuring free calling,Indiatvnews,27d,https://www.indiatvnews.com/technology/news/jio-delivers-significant-savings-with-free-netflix-for-84-days-on-two-plans-featuring-free-calling-2025-01-06-969775
Bing,Jio Bankruptcy,Jio All-In-One Explained: Here's the List of Jio All-In-One Plans,Gizbot,23d,https://www.gizbot.com/telecom/features/jio-all-in-one-explained-heres-the-list-of-jio-all-in-one-plans-108103.html
Google,Apple Lawsuits,Apple to pay $95m to settle Siri listening case,BBC,4 weeks ago,https://www.bbc.com/news/articles/cr4rvr495rgo
Google,Apple Lawsuits,Apple settles $95M eavesdropping lawsuit: Has it done enough to address privacy concerns around Siri?,The Indian Express,4 weeks ago,https://indianexpress.com/article/technology/tech-news-technology/apple-settlement-siri-lawsuit-what-to-know-9761331/
Google,Apple Lawsuits,Apple urges federal judge for early dismissal in US antitrust lawsuit,Business Standard,21 Nov 2024,https://www.business-standard.com/world-news/apple-urges-federal-judge-for-early-dismissal-in-us-antitrust-lawsuit-124112100102_1.html
Google,Apple Lawsuits,Are you an Apple device owner? Millions may be eligible for a payout in a $95 million class action lawsuit,The Economic Times,1 month ago,https://m.economictimes.com/news/international/us/are-you-an-apple-device-owner-millions-may-be-eligible-for-a-payout-in-a-95-million-class-action-lawsuit-settlement/articleshow/116948266.cms
Google,Apple Lawsuits,Apple to pay $95 million to settle Siri privacy lawsuit,Reuters,1 month ago,https://www.reuters.com/legal/apple-pay-95-million-settle-siri-privacy-lawsuit-2025-01-02/
Google,Apple Lawsuits,Apple faces class action lawsuit over alleged AirPods Pro audio defects,Times of India,14 Nov 2024,https://timesofindia.indiatimes.com/technology/tech-news/apple-faces-class-action-lawsuit-over-alleged-airpods-pro-audio-defects/articleshow/115298532.cms
Google,Apple Lawsuits,"If You Own an Apple Watch, You Could Win $20—From a Class Action Lawsuit",VICE,3 days ago,https://www.vice.com/en/article/apple-settles-class-action-lawsuit-swollen-apple-watch-batteries/
Google,Apple Lawsuits,US v. Apple: everything you need to know,The Verge,20 Nov 2024,https://www.theverge.com/24107581/doj-v-apple-antitrust-monoply-news-updates
Google,Apple Lawsuits,"Got an Apple device? THESE users may be eligible for payout in Rs 814 crore class action lawsuit, check",DNA India,4 weeks ago,https://www.dnaindia.com/explainer/report-got-an-apple-device-these-users-may-be-eligible-for-payout-in-rs-814-crore-class-action-lawsuit-check-eligibility-3125821
Google,Apple Lawsuits,Siri’s listening to you — but is it spying?,Vox,3 weeks ago,https://www.vox.com/culture/393839/apple-siri-lawsuit-settlement-is-my-phone-spying-on-me
Bing,Apple Lawsuits,"Apple Agrees To Pay About ₹1.75 Crore to Apple Watch Customers, but Conditions Apply",Republicworld,2h,https://www.republicworld.com/tech/apple-agrees-to-pay-about-175-crore-to-apple-watch-customers-but-conditions-apply
Bing,Apple Lawsuits,Apple to pay out $20 million over Apple Watch battery swelling lawsuit,Gizmochina,4h,https://www.gizmochina.com/2025/02/03/apple-pay-20-million-watch-battery-swelling-lawsuit/
Bing,Apple Lawsuits,Apple Reaches $20M Settlement in Watch Battery Lawsuit: Here's Who Qualifies,Msn,3d,https://www.msn.com/en-us/news/technology/apple-reaches-20m-settlement-in-watch-battery-lawsuit-heres-who-qualifies/ar-AA1y8Jgn?ocid=BingNewsVerp
Bing,Apple Lawsuits,One of Apple's best-selling products has been accused of exposing users to cancer in a lawsuit; what is it all about?,Msn,10d,https://www.msn.com/en-in/technology/tech-companies/one-of-apple-s-best-selling-products-has-been-accused-of-exposing-users-to-cancer-in-a-lawsuit-what-is-it-all-about/ar-AA1xNZpF?ocid=BingNewsVerp
Bing,Apple Lawsuits,Apple Settles Lawsuit Over Expanding Watch Batteries,Msn,16h,https://www.msn.com/en-us/technology/consumer-electronics/apple-settles-lawsuit-over-expanding-watch-batteries/ar-AA1yiowV?ocid=BingNewsVerp
Bing,Apple Lawsuits,Apple Watch $20 Million Payout: Are You Eligible And How Do You Claim?,Forbes,2d,https://www.forbes.com/sites/davidphelan/2025/01/31/apple-watch-20-million-payout-are-you-eligible-and-how-do-you-claim/
Bing,Apple Lawsuits,Apple pays Apple Watch users 20 million US dollars after class action lawsuit,Heise,6h,https://www.heise.de/en/news/Apple-pays-Apple-Watch-users-20-million-US-dollars-after-class-action-lawsuit-10267483.html
Bing,Apple Lawsuits,Apple Lawsuits,Macrumors,10d,https://www.macrumors.com/guide/lawsuit/
Bing,Apple Lawsuits,Apple Watch Lawsuit Claims Some Bands Contain Harmful 'Forever Chemicals',Msn,9d,https://www.msn.com/en-us/health/other/apple-watch-lawsuit-claims-some-bands-contain-harmful-forever-chemicals/ar-AA1xOjlO?ocid=BingNewsVerp
Yahoo,Apple Lawsuits,"Bought an Apple Watch Series 3 or earlier? Apple could owe you money, here's how to make a claim",TechRadar,7 hours ago,https://r.search.yahoo.com/_ylt=AwrjIcQy.KBnoVknBTnQtDMD;_ylu=Y29sbwNncTEEcG9zAzEEdnRpZAMEc2VjA3Ny/RV=2/RE=1738631346/RO=10/RU=https%3a%2f%2fwww.techradar.com%2fhealth-fitness%2fsmartwatches%2fbought-an-apple-watch-series-3-or-earlier-apple-could-owe-you-money-heres-how-to-make-a-claim/RK=2/RS=AV_FId8b_MlOH.IU1tistWNdzX0-
Yahoo,Apple Lawsuits,Apple defends search engine deals in Google's antitrust case,Android Headlines,6 hours ago,https://r.search.yahoo.com/_ylt=AwrjIcQy.KBnoVknBznQtDMD;_ylu=Y29sbwNncTEEcG9zAzIEdnRpZAMEc2VjA3Ny/RV=2/RE=1738631346/RO=10/RU=https%3a%2f%2fwww.androidheadlines.com%2f2025%2f02%2fapple-defends-search-engine-deals-in-google-antitrust-case.html/RK=2/RS=htIwKt0JqzgdrHn2Djv08I844w4-
Yahoo,Apple Lawsuits,Apple Will Pay Out $20 Million to Apple Watch Owners. Who Can File a Claim?,CNET·  via Yahoo Finance,2 days ago,https://r.search.yahoo.com/_ylt=AwrjIcQy.KBnoVknCTnQtDMD;_ylu=Y29sbwNncTEEcG9zAzMEdnRpZAMEc2VjA3Ny/RV=2/RE=1738631346/RO=10/RU=https%3a%2f%2ffinance.yahoo.com%2fnews%2fapple-reaches-20m-settlement-watch-202009039.html%3ffr%3dsycsrp_catchall/RK=2/RS=2M.Li8ycRoxNBUOPrXw_qZg6U_U-
Yahoo,Apple Lawsuits,Apple Watch owners could get up to $50 from battery lawsuit settlement,TechSpot,6 hours ago,https://r.search.yahoo.com/_ylt=AwrjIcQy.KBnoVknCznQtDMD;_ylu=Y29sbwNncTEEcG9zAzQEdnRpZAMEc2VjA3Ny/RV=2/RE=1738631346/RO=10/RU=https%3a%2f%2fwww.techspot.com%2fnews%2f106613-apple-watch-owners-could-get-up-50-20.html/RK=2/RS=pl.HgAcV_18mG3Sf9W2SNPWVOI8-
Yahoo,Apple Lawsuits,Apple paying $20 million over Apple Watch lawsuit — see if you’re eligible,Tom's Guide·  via Yahoo Finance,2 days ago,https://r.search.yahoo.com/_ylt=AwrjIcQy.KBnoVknDTnQtDMD;_ylu=Y29sbwNncTEEcG9zAzUEdnRpZAMEc2VjA3Ny/RV=2/RE=1738631346/RO=10/RU=https%3a%2f%2ffinance.yahoo.com%2fnews%2fapple-paying-20-million-over-160106014.html%3ffr%3dsycsrp_catchall/RK=2/RS=xYCHaU8Hh6lZpSUzEjK0_a7xmi8-
Yahoo,Apple Lawsuits,How to Claim Your Piece of Apple's $20 Million Watch Settlement,Lifehacker,3 days ago,https://r.search.yahoo.com/_ylt=AwrjIcQy.KBnoVknDznQtDMD;_ylu=Y29sbwNncTEEcG9zAzYEdnRpZAMEc2VjA3Ny/RV=2/RE=1738631346/RO=10/RU=https%3a%2f%2flifehacker.com%2ftech%2fapple-watch-settlement-how-to-claim/RK=2/RS=LFmwUdxJXODh5vlSWPSGVZ1jCrk-
Yahoo,Apple Lawsuits,You Can Now Claim Part of This $20 Million Apple Watch Settlement,PC Mag·  via Yahoo News,1 day ago,https://r.search.yahoo.com/_ylt=AwrjIcQy.KBnoVknETnQtDMD;_ylu=Y29sbwNncTEEcG9zAzcEdnRpZAMEc2VjA3Ny/RV=2/RE=1738631346/RO=10/RU=https%3a%2f%2fwww.yahoo.com%2ftech%2fnow-claim-part-20-million-061830111.html/RK=2/RS=L4.AC_uOra1yhDMz17GQplR8KAE-
Yahoo,Apple Lawsuits,Opinion: FBI Director Nominee Kash Patel Sets Off Alarms During His Confirmation Hearing,The Daily Beast·  via Yahoo News,1 day ago,https://r.search.yahoo.com/_ylt=AwrjIcQy.KBnoVknEznQtDMD;_ylu=Y29sbwNncTEEcG9zAzgEdnRpZAMEc2VjA3Ny/RV=2/RE=1738631346/RO=10/RU=https%3a%2f%2fwww.yahoo.com%2fnews%2fopinion-fbi-director-nominee-kash-132045482.html%3ffr%3dsycsrp_catchall/RK=2/RS=uBNLoD2eO4eThUfPVT0glXbmxlI-
Yahoo,Apple Lawsuits,Some Apple Watch owners will share $20 million paid by Apple to settle lawsuit,PhoneArena,5 days ago,https://r.search.yahoo.com/_ylt=AwrjIcQy.KBnoVknFTnQtDMD;_ylu=Y29sbwNncTEEcG9zAzkEdnRpZAMEc2VjA3Ny/RV=2/RE=1738631346/RO=10/RU=https%3a%2f%2fwww.phonearena.com%2fnews%2fsome-apple-watch-owners-will-share-20-million-dollar-class-action-settlement_id167114/RK=2/RS=1eoWrxxEIP4pXRyA6LydvBtMWyk-
Yahoo,Apple Lawsuits,"Apple settles Apple Watch battery lawsuit, and here's how to claim your payout",Android Authority,5 days ago,https://r.search.yahoo.com/_ylt=AwrjIcQy.KBnoVknFznQtDMD;_ylu=Y29sbwNncTEEcG9zAzEwBHZ0aWQDBHNlYwNzcg--/RV=2/RE=1738631346/RO=10/RU=https%3a%2f%2fwww.androidauthority.com%2fapple-watch-battery-settlement-3521386%2f/RK=2/RS=50X5MCA63sahodh3WU92Vt1bVu0-
Google,Apple Merger,6 Companies Owned by Apple,Investopedia,8 Oct 2024,https://www.investopedia.com/investing/top-companies-owned-apple/
Google,Apple Merger,Apple planning to buy Intel: What and why of rumours of Apple acquiring the 56-year-old chipmaker,Times of India,2 Nov 2024,https://timesofindia.indiatimes.com/technology/tech-news/apple-planning-to-buy-intel-what-and-why-of-rumours-of-apple-acquiring-the-56-year-old-chipmaker/articleshow/114861241.cms
Google,Apple Merger,Could Apple be eyeing Intel for acquisition?,India TV News,2 Nov 2024,https://www.indiatvnews.com/technology/news/could-apple-be-eyeing-intel-for-acquisition-2024-11-02-959899
Google,Apple Merger,Is Apple buying Intel? Rumours of a deal crop up,The Economic Times,2 Nov 2024,https://m.economictimes.com/tech/technology/is-apple-buying-intel-rumours-of-a-deal-crop-up/articleshow/114873054.cms
Google,Apple Merger,"Apple set for music, TV streaming fight in India after deal with Airtel",Business Standard,2 Sept 2024,https://www.business-standard.com/companies/news/apple-set-for-music-tv-streaming-fight-in-india-after-deal-with-airtel-124090200126_1.html
Google,Apple Merger,"Intel could potentially be on Apple's acquisition portfolio amid financial struggles, emancipating itself from an overreliance on TSMC for chips — but Samsung could have better standing",Windows Central,30 Oct 2024,https://www.windowscentral.com/hardware/cpu-gpu-components/intel-could-potentially-be-on-apples-acquisition-portfolio-amid-financial-struggles-emancipating-itself-from-an-overreliance-on-tsmc-for-chips-but-samsung-could-have-better-standing
Google,Apple Merger,Google Plans To Merge Chrome OS Into Android To Take On Apple’s iPad,Newsx,20 Nov 2024,https://www.newsx.com/tech-and-auto/google-plans-to-merge-chrome-os-into-android-to-take-on-apples-ipad/
Google,Apple Merger,11 of Apple's most notable acquisitions,Pocket-lint,21 Jul 2024,https://www.pocket-lint.com/apples-most-notable-acquisitions/
Google,Apple Merger,Apple's latest acquisition hints at AI-powered iPhone plans,ZDNet,15 Mar 2024,https://www.zdnet.com/article/apples-latest-acquisition-hints-at-ai-powered-iphone-plans/
Google,Apple Merger,Today in Apple history: Sun Microsystems almost buys Apple,Cult of Mac,1 week ago,https://www.cultofmac.com/apple-history/today-in-apple-history-sun-microsystems-almost-buys-apple
Bing,Apple Merger,"'Huge market, lots of upside': CEO Tim Cook on Apple's market expansion",Business-standard,3d,https://www.business-standard.com/companies/news/apple-india-expansion-new-stores-iphone-sales-ai-launch-125013100535_1.html
Bing,Apple Merger,Apple's merger chief met in secret with Tesla CEO Elon Musk,Autoblog,10y,https://www.autoblog.com/news/apple-tesla-talks-merger-elon-musk
Bing,Apple Merger,Google plans to merge Chrome OS into Android to take on Apple’s iPad,Msn,1mon,https://www.msn.com/en-in/money/other/google-plans-to-merge-chrome-os-into-android-to-take-on-apple-s-ipad/ar-AA1umAiZ?ocid=BingNewsVerp
Bing,Apple Merger,"Q&A: Tech Data CEO Weighs In On CSC Merger, Apple Sales, Windows 10 And The Cybersecurity Explosion",Crn,8y,https://www.crn.com/slide-shows/channel-programs/300080986/qa-tech-data-ceo-weighs-in-on-csc-merger-apple-sales-windows-10-and-the-cybersecurity-explosion
Bing,Apple Merger,Samsung emerges as Apple's chief auto rival,Autoblog,9y,https://www.autoblog.com/features/samsung-apple-chief-auto-rival-report
Bing,Apple Merger,5 Things to Know Before the Stock Market Opens,Investopedia,21d,https://www.investopedia.com/5-things-to-know-before-the-stock-market-opens-january-13-2025-8773277
Yahoo,Apple Merger,,Law.com,9 minutes ago,
Yahoo,Apple Merger,Bill Gates: There's a possibility quantum computing will become useful in 3 to 5 years,Yahoo Finance,2 hours ago,https://r.search.yahoo.com/_ylt=AwrO6Ps9.KBnfbQndx7QtDMD;_ylu=Y29sbwNncTEEcG9zAzIEdnRpZAMEc2VjA3Ny/RV=2/RE=1738631358/RO=10/RU=https%3a%2f%2ffinance.yahoo.com%2fnews%2fbill-gates-theres-a-possibility-quantum-computing-will-become-useful-in-3-to-5-years-152007398.html%3ffr%3dsycsrp_catchall/RK=2/RS=zCp839mnrb8Dd5deq1F82xU_bVk-
Yahoo,Apple Merger,Trump's antitrust cops just signaled that big US mergers won't get a free pass,Yahoo Finance,1 day ago,https://r.search.yahoo.com/_ylt=AwrO6Ps9.KBnfbQneR7QtDMD;_ylu=Y29sbwNncTEEcG9zAzMEdnRpZAMEc2VjA3Ny/RV=2/RE=1738631358/RO=10/RU=https%3a%2f%2ffinance.yahoo.com%2fnews%2ftrumps-antitrust-cops-just-signaled-that-big-us-mergers-wont-get-a-free-pass-153029456.html%3ffr%3dsycsrp_catchall/RK=2/RS=tWOMIIF_ZkEKT3zLxJoWWdA.UE4-
Yahoo,Apple Merger,Complaint about DeepSeek filed with Belgian privacy watchdog,Reuters,38 minutes ago,https://r.search.yahoo.com/_ylt=AwrO6Ps9.KBnfbQnex7QtDMD;_ylu=Y29sbwNncTEEcG9zAzQEdnRpZAMEc2VjA3Ny/RV=2/RE=1738631358/RO=10/RU=https%3a%2f%2fwww.reuters.com%2ftechnology%2fartificial-intelligence%2fcomplaint-about-deepseek-filed-with-belgian-privacy-watchdog-2025-02-03%2f/RK=2/RS=NbERaeEr6WFo2aeEQr6XV7u0c7g-
Yahoo,Apple Merger,Where Will Rigetti Computing Be in 3 Years?,Motley Fool·  via Yahoo Finance,1 day ago,https://r.search.yahoo.com/_ylt=AwrO6Ps9.KBnfbQnfR7QtDMD;_ylu=Y29sbwNncTEEcG9zAzUEdnRpZAMEc2VjA3Ny/RV=2/RE=1738631358/RO=10/RU=https%3a%2f%2ffinance.yahoo.com%2fnews%2fwhere-rigetti-computing-3-years-152300664.html%3ffr%3dsycsrp_catchall/RK=2/RS=ri4VSwD6QFIa3DKEFuqJUVH3izE-
Yahoo,Apple Merger,Earnings Coming in Better-Than-Expected As Peak Season Begins,GuruFocus.com·  via Yahoo Finance,1 hour ago,https://r.search.yahoo.com/_ylt=AwrO6Ps9.KBnfbQnfx7QtDMD;_ylu=Y29sbwNncTEEcG9zAzYEdnRpZAMEc2VjA3Ny/RV=2/RE=1738631358/RO=10/RU=https%3a%2f%2ffinance.yahoo.com%2fnews%2fearnings-coming-better-expected-peak-155914412.html%3ffr%3dsycsrp_catchall/RK=2/RS=ByLUjDS4pk22DYv.AAo7Fe.puKk-
Yahoo,Apple Merger,"BofA sees a buying opportunity in Apple, IBM shares after DeepSeek selloff By Investing.com",Investing.com,6 days ago,https://r.search.yahoo.com/_ylt=AwrO6Ps9.KBnfbQngR7QtDMD;_ylu=Y29sbwNncTEEcG9zAzcEdnRpZAMEc2VjA3Ny/RV=2/RE=1738631358/RO=10/RU=https%3a%2f%2fwww.investing.com%2fnews%2fstock-market-news%2fbofa-sees-a-buying-opportunity-in-apple-ibm-shares-after-deepseek-selloff-3833777/RK=2/RS=es2vF0dAFuJzoReRpmw8CRCn_zo-
Yahoo,Apple Merger,OpenAI's Sam Altman to meet with Samsung's Lee Jae-Young in Seoul to discuss AI and chips,Neowin,4 hours ago,https://r.search.yahoo.com/_ylt=AwrO6Ps9.KBnfbQngx7QtDMD;_ylu=Y29sbwNncTEEcG9zAzgEdnRpZAMEc2VjA3Ny/RV=2/RE=1738631358/RO=10/RU=https%3a%2f%2fwww.neowin.net%2fnews%2fopenais-sam-altman-to-meet-with-samsungs-lee-jae-young-in-seoul-to-discuss-ai-and-chips%2f/RK=2/RS=tVKt2nOO98DreCt64iay3b97Ewg-
Yahoo,Apple Merger,"Here are Monday's biggest analyst calls: Nvidia, Apple, Tesla, Roblox, Caterpillar, Uber, Zillow, Amazon & more",CNBC,4 hours ago,https://r.search.yahoo.com/_ylt=AwrO6Ps9.KBnfbQnhR7QtDMD;_ylu=Y29sbwNncTEEcG9zAzkEdnRpZAMEc2VjA3Ny/RV=2/RE=1738631358/RO=10/RU=https%3a%2f%2fwww.cnbc.com%2f2025%2f02%2f03%2fmondays-biggest-wall-street-calls-like-nvidia.html/RK=2/RS=w7lZr1tgoIZ9mUvdjNk4TEubfXc-
Yahoo,Apple Merger,,ETF DAILY NEWS,7 days ago,
Google,Apple Bankruptcy,"From 90 Days to Bankruptcy to a 9,000% Growth: How Steve Jobs Rescued Apple",YourStory.com,11 Sept 2024,https://yourstory.com/2024/09/steve-jobs-apple-comeback-strategy-tech-giant-success
Google,Apple Bankruptcy,OpenAI is heading towards bankruptcy unless Apple and Nvidia come to its rescue,Digit,17 Sept 2024,https://www.digit.in/news/general/openai-is-heading-towards-bankruptcy-unless-apple-and-nvidia-come-to-its-rescue.html
Google,Apple Bankruptcy,Why Tim Cook joined a nearly bankrupt Apple and one thing Steve Jobs did differently,The Economic Times,23 Oct 2024,https://m.economictimes.com/magazines/panache/why-tim-cook-joined-a-nearly-bankrupt-apple-and-one-thing-steve-jobs-did-differently/articleshow/114488999.cms
Google,Apple Bankruptcy,"27 years ago, Microsoft bought $150 million worth of Apple stock after the company almost went bankrupt",XDA,6 Aug 2024,https://www.xda-developers.com/27-years-ago-microsoft-bought-150-million-worth-of-apple-stock-after-the-company-almost-went-bankrupt/
Google,Apple Bankruptcy,"World Street | Buffett’s $10 billion BofA sale, Brent tops $80, FTX bankruptcy plan cleared, and more",Moneycontrol,8 Oct 2024,https://www.moneycontrol.com/news/business/markets/world-street-buffetts-10-billion-bofa-sale-brent-tops-80-ftx-bankruptcy-plan-cleared-and-more-12837608.html
Google,Apple Bankruptcy,Bill Gates Saved 'Rival' Apple From Bankruptcy By Investing $150 Million – Steve Jobs Thanked Him Publicly: 'The World's A Better Place',Benzinga,15 Oct 2024,https://www.benzinga.com/personal-finance/24/10/41340693/bill-gates-saved-rival-apple-from-bankruptcy-by-investing-150-million-steve-jobs-thanked-him-pub
Google,Apple Bankruptcy,‘That will bankrupt even Bill Gates’: Tesla CEO Elon Musk sounds alarm bells as he crosses $400 billion wealth mark,Business Today,1 month ago,https://www.businesstoday.in/technology/news/story/that-will-bankrupt-even-bill-gates-tesla-ceo-elon-musk-sounds-alarm-bells-as-he-crosses-400-billion-wealth-mark-457244-2024-12-13
Google,Apple Bankruptcy,Apple In The 1990s: Why It Nearly Went Bankrupt,TheStreet,10 Feb 2023,https://www.thestreet.com/apple/news/apple-in-the-1990s-why-it-nearly-went-bankrupt
Google,Apple Bankruptcy,EV Start-Up Canoo Declares Bankruptcy,PCMag,2 weeks ago,https://www.pcmag.com/news/ev-upstart-canoo-declares-bankruptcy
Google,Apple Bankruptcy,Apple's long road - how it went from the brink of bankruptcy to becoming the most valuable company in the world,Telegrafi,3 Nov 2024,https://telegrafi.com/en/the-long-road-of-apple-how-it-managed-to-become-the-most-valuable-company-in-the-world-from-the-borders-of-bankruptcy/
Bing,Apple Bankruptcy,Apple's Journey From Bankruptcy to a Trillion Dollar Brand And Beyond,Msn,4mon,https://www.msn.com/en-in/money/news/apple-s-journey-from-bankruptcy-to-a-trillion-dollar-brand-and-beyond/ar-AA1qKTaz?ocid=BingNewsVerp
Bing,Apple Bankruptcy,"$850 billion and counting: Why Apple, Google aren’t taking any ‘risks’ with TikTok",Moneycontrol,14d,https://www.moneycontrol.com/technology/850-billion-and-counting-why-apple-google-aren-t-taking-any-risks-with-tiktok-article-12914794.html
Bing,Apple Bankruptcy,Bill Gates Saved 'Rival' Apple From Bankruptcy By Investing $150 Million – Steve Jobs Thanked Him Publicly: 'The World's A Better Place',Msn,3mon,https://www.msn.com/en-us/money/other/bill-gates-saved-rival-apple-from-bankruptcy-by-investing-150-million-steve-jobs-thanked-him-publicly-the-world-s-a-better-place/ar-AA1sjNvA?ocid=BingNewsVerp
Bing,Apple Bankruptcy,EV startup Canoo files for bankruptcy and ceases operations,Techcrunch,16d,https://techcrunch.com/2025/01/17/ev-startup-canoo-files-for-bankruptcy-and-ceases-operations/
Yahoo,Apple Bankruptcy,Archdiocese of New Orleans and Second Harvest talk leadership change,WGNO·  via Yahoo News,3 days ago,https://r.search.yahoo.com/_ylt=AwrjIcRH.KBnfson5QvQtDMD;_ylu=Y29sbwNncTEEcG9zAzEEdnRpZAMEc2VjA3Ny/RV=2/RE=1738631367/RO=10/RU=https%3a%2f%2fwww.yahoo.com%2fnews%2farchdiocese-orleans-second-harvest-talk-021713398.html%3ffr%3dsycsrp_catchall/RK=2/RS=Bd5L2Xn8iltOfMUbXQ__trJyAHE-
Yahoo,Apple Bankruptcy,"...Stock's 17% Drop On Monday Is 'Just The Beginning' Of Market Rout - Apple (NASDAQ:AAPL), General Motors (NYSE:GM)",Benzinga,5 days ago,https://r.search.yahoo.com/_ylt=AwrjIcRH.KBnfson5wvQtDMD;_ylu=Y29sbwNncTEEcG9zAzIEdnRpZAMEc2VjA3Ny/RV=2/RE=1738631367/RO=10/RU=https%3a%2f%2fwww.benzinga.com%2fmarkets%2fequities%2f25%2f01%2f43296517%2fblack-swan-author-nassim-taleb-nvidias-17-drop-on-monday-is-just-the-beginning-says-electric-cars-are-next-noting-pioneers-with-innovative-ideas-never-made-money/RK=2/RS=mTXhKlZ..caILQPAkGXI0ZIeB5A-
Yahoo,Apple Bankruptcy,New iPhone 16 sales analysis reveals an unusual new problem Apple is facing all of a sudden,PhoneArena,4 days ago,https://r.search.yahoo.com/_ylt=AwrjIcRH.KBnfson6QvQtDMD;_ylu=Y29sbwNncTEEcG9zAzMEdnRpZAMEc2VjA3Ny/RV=2/RE=1738631367/RO=10/RU=https%3a%2f%2fwww.phonearena.com%2fnews%2fiphone-16-sales-analysis-storage-upgrades-big-problem-for-apple_id167134/RK=2/RS=dX59v01cVESS.anErvppznvb0xQ-
Yahoo,Apple Bankruptcy,,TMJ4 Milwaukee,3 days ago,
Yahoo,Apple Bankruptcy,Best Exercise Bikes for 2025,CNET·  via Yahoo News,7 hours ago,https://r.search.yahoo.com/_ylt=AwrjIcRH.KBnfson7AvQtDMD;_ylu=Y29sbwNncTEEcG9zAzUEdnRpZAMEc2VjA3Ny/RV=2/RE=1738631367/RO=10/RU=https%3a%2f%2fwww.yahoo.com%2flifestyle%2fbest-exercise-bikes-2025-094200485.html%3ffr%3dsycsrp_catchall/RK=2/RS=6TdbwB1yqrwxspfMm_yPnddNwdk-
Yahoo,Apple Bankruptcy,Long Island diocese's exit from bankruptcy may signal future path for Buffalo Diocese,The Buffalo News,2 days ago,https://r.search.yahoo.com/_ylt=AwrjIcRH.KBnfson7gvQtDMD;_ylu=Y29sbwNncTEEcG9zAzYEdnRpZAMEc2VjA3Ny/RV=2/RE=1738631367/RO=10/RU=https%3a%2f%2fbuffalonews.com%2fnews%2flocal%2fbuffalo-diocese-bankruptcy-long-island-diocese-abuse-claimants%2farticle_b6b37d76-df4e-11ef-ba75-676ce956a5b9.html/RK=2/RS=E99pEXvbwZzrtsYYho6Rb2YyNZg-
Yahoo,Apple Bankruptcy,,Axios,7 hours ago,
Yahoo,Apple Bankruptcy,"Texas Rangers Announce Regional TV Options for Cable, Satellite, Over-the-Air",Sports Illustrated,6 days ago,https://r.search.yahoo.com/_ylt=AwrjIcRH.KBnfson8QvQtDMD;_ylu=Y29sbwNncTEEcG9zAzgEdnRpZAMEc2VjA3Ny/RV=2/RE=1738631367/RO=10/RU=https%3a%2f%2fwww.si.com%2fmlb%2frangers%2fnews%2ftexas-rangers-announce-regional-tv-options-for-cable-satellite-over-the-air/RK=2/RS=IvR2md5hxwNwxm57EiaTn.celBU-
Yahoo,Apple Bankruptcy,,ABC 26 New Orleans,4 days ago,
Yahoo,Apple Bankruptcy,,AppleInsider,6 days ago,
